gen	freq_resistant	freq_susceptible	odds_ratio	p_fisher	p_chi2	p_adj_fdr	significativo
KPC-2	0.1058234189104571	0.004086636697997548	28.84124649859944	1.67154489057151e-57	7.872747244308003e-53	1.370666810268638e-55	True
Escherichia coli gyrA conferring resistance to fluoroquinolones	0.17658108954289292	0.05149162239476911	3.9502806445772225	2.766651769272416e-37	7.814833241007222e-38	1.1343272254016905e-35	True
KPC-3	0.07639323731997495	0.0053126277073968125	15.486205997392439	3.2644213472809514e-36	2.7131758734019496e-34	8.922751682567934e-35	True
catA1	0.10519724483406387	0.02125051082958725	5.414760187328417	3.5349154257599434e-30	2.8062050216153426e-30	7.246576622807884e-29	True
Salmonella serovars gyrB conferring resistance to fluoroquinolones	0.09204758922980588	0.015529219452390683	6.426914700544464	1.1600498622810715e-29	1.2032358317206736e-29	1.9024817741409573e-28	True
Escherichia coli parC conferring resistance to fluoroquinolones	0.24733876017532874	0.11156518185533307	2.6169144222388816	3.257450735463376e-29	1.0152569903894085e-29	4.451849338466614e-28	True
BRP(MBL)	0.052598622417031934	0.0036779730281977932	15.039435999118748	4.424226580459495e-25	1.0358200364646236e-23	5.18266542282398e-24	True
Mrx	0.1327489041953663	0.045361667347772784	3.22133541483722	4.8937177130831373e-23	2.2526544144117568e-23	5.0160606559102155e-22	True
qacEdelta1	0.18659987476518472	0.08295872496935022	2.5359105336807017	5.442505924533504e-22	2.237854194663534e-22	4.9587276201305254e-21	True
tet(A)	0.024420788979336257	0.09767061708214139	0.23125882877414988	9.665586962606103e-22	4.0371676079787277e-19	7.925781309337004e-21	True
sul1	0.18534752661239826	0.08663669799754802	2.398590344147463	7.105359018066793e-20	3.254977832156124e-20	5.296722177104337e-19	True
OXA-9	0.049467752035065746	0.005721291377196567	9.044184076792773	7.913399304919182e-20	3.0997052988362755e-19	5.407489525028108e-19	True
mphA	0.12210394489668128	0.04577033101757254	2.8997159669859385	1.4646950761755155e-18	5.671672276097454e-19	9.238845865107097e-18	True
SHV-12	0.06449592986850344	0.014303228442991417	4.751118760757315	1.7757271356503673e-17	1.8051417137584126e-17	1.0400687508809293e-16	True
adeF	0.09455228553537884	0.18921127911728647	0.4474755712489059	4.6701422726239393e-17	3.4911132480591377e-16	2.5530111090344204e-16	True
AAC(6')-Ib10	0.1696931747025673	0.08295872496935022	2.2591890867752937	1.3011484054085457e-16	7.954545097003193e-17	6.668385577718797e-16	True
NDM-1	0.036318096430807766	0.0032693093583980384	11.489766081871345	2.6322773406278744e-16	1.448140075772018e-15	1.2696867172440337e-15	True
aadA2	0.1058234189104571	0.04168369431957499	2.7208285274894273	4.21768067655822e-15	2.5814729368788793e-15	1.9213878637654114e-14	True
aadA	0.07388854101440201	0.024928483857785042	3.120717365521675	3.340119886838959e-13	2.4516895650950924e-13	1.4415254248462874e-12	True
dfrA12	0.08515967438948027	0.032693093583980384	2.7542094455852157	9.755058287982407e-13	6.873782387955748e-13	3.999573898072787e-12	True
APH(3')-Ia	0.07952410770194114	0.030241111565181854	2.7704633204633207	4.169795768799836e-12	3.054883279267673e-12	1.6282059668646977e-11	True
arr-3	0.040075140889167186	0.00939926440539436	4.399897898408917	9.928568431452274e-11	1.0358717325204886e-10	3.700648233541302e-10	True
dfrA27	0.036318096430807766	0.00858193706579485	4.35372381571212	7.882880020629041e-10	9.731479852177904e-10	2.810418094311223e-09	True
mphE	0.026925485284909206	0.004903964037597058	5.61481123981124	5.067976118019078e-09	7.8604465137031e-09	1.731558506989852e-08	True
msrE	0.026299311208515967	0.004903964037597058	5.480707395498392	9.99146779830506e-09	1.5647980548360675e-08	3.27720143784406e-08	True
CrcB	0.005009392611145898	0.02819779321618308	0.17351173374923615	2.0264244477833262e-08	2.5138757693335685e-07	6.391030950701259e-08	True
aadA16	0.033813400125234816	0.008990600735594606	3.8575973605137572	3.38898812483765e-08	2.637046561052776e-08	1.0292482453210642e-07	True
fosA5	0.02567313713212273	0.06048222313036371	0.4093092128117835	1.5978598412925487e-07	4.410269172685938e-07	4.3820148244683717e-07	True
marA	0.28115216030056356	0.360032693093584	0.6952168702812372	1.6031761552933066e-07	2.15915273578799e-07	4.3820148244683717e-07	True
Escherichia coli AcrAB-TolC with MarR mutations conferring resistance to ciprofloxacin and tetracycline	0.28115216030056356	0.360032693093584	0.6952168702812372	1.6031761552933066e-07	2.15915273578799e-07	4.3820148244683717e-07	True
QnrS1	0.051972448340638695	0.02125051082958725	2.524959353724215	2.1495737203405502e-07	1.7234174997296794e-07	5.68596919573952e-07	True
QnrB1	0.033813400125234816	0.07029015120555783	0.4628931860314398	5.332223559126888e-07	1.1360657064153974e-06	1.366382287026265e-06	True
SHV-27	0.001878522229179712	0.0171638741315897	0.10777020971500269	7.629653862933325e-07	1.2067913760346166e-05	1.8958533841228261e-06	True
AAC(3)-IIe	0.03757044458359424	0.07437678790355537	0.48581867059420736	8.833668318060579e-07	1.975357742462597e-06	2.1304729472969634e-06	True
TEM-1	0.16844082654978085	0.11442582754393134	1.5676715791738383	1.2494364385574524e-06	1.2031777678078074e-06	2.927251084620317e-06	True
eptB	0.2748904195366312	0.3461381283203923	0.7161310976666605	1.857252942252247e-06	2.343264326261762e-06	4.230409479574562e-06	True
AAC(3)-IId	0.040075140889167186	0.0171638741315897	2.3905818034976547	1.2006835951081982e-05	1.3170394718923072e-05	2.6609744540235744e-05	True
CRP	0.28240450845335	0.34654679199019206	0.7420694211202212	1.9286678591418417e-05	2.2783145863018274e-05	4.161862222358711e-05	True
SHV-1	0.039448966812773954	0.07151614221495708	0.5331942633637549	2.0319054013526e-05	3.083144583067829e-05	4.272211356690082e-05	True
msbA	0.284909204758923	0.34736411932979155	0.7485680436798187	3.1369099871758606e-05	3.8152994248558934e-05	6.430665473710514e-05	True
Klebsiella pneumoniae OmpK37	0.2943018159048215	0.3559460563955864	0.7545916584574228	4.758812457870391e-05	5.4330921788289867e-05	9.517624915740782e-05	True
ArnT	0.28741390106449594	0.34572946465059257	0.763293198220095	0.00010129434123576212	0.00012146383393240628	0.00019776514241267844	True
PmrF	0.28804007514088914	0.3461381283203923	0.7642473461614743	0.00011652388751306377	0.0001296318841151607	0.00022220834362956347	True
vanG	0.3018159048215404	0.3579893747445852	0.7752544177570285	0.00023345781375990366	0.0002488879771124639	0.00043508047109800226	True
emrR	0.29805886036318097	0.3510420923579894	0.7849801493137156	0.00048326175531578086	0.0005239236268545238	0.0008806103096865339	True
OmpA	0.28428303068252975	0.33551287290559867	0.7866598891947276	0.0006094295328921492	0.0006915342737552175	0.0010863743847207875	True
Escherichia coli mdfA	0.29805886036318097	0.34940743767879034	0.7906391014705959	0.0007004478932612686	0.0007717775303487081	0.0011781788701928963	True
Klebsiella pneumoniae KpnG	0.2986850344395742	0.35022476501838984	0.7901629438239707	0.0007040337151152672	0.0007423606645680839	0.0011781788701928963	True
rsmA	0.2974326862867877	0.34859011033919085	0.7911157642210673	0.0006982236521709724	0.0008022816822735748	0.0011781788701928963	True
oqxA	0.2936756418284283	0.34327748263179403	0.7954270094562648	0.00096797263275886	0.0011096299023499016	0.0015874751177245303	True
Klebsiella pneumoniae KpnH	0.29931120851596743	0.34859011033919085	0.7982466341263081	0.0011447308625033186	0.0012561928355944248	0.0018405476612798457	True
oqxB	0.2949279899812148	0.3420514916223948	0.8046053846202817	0.0017546889752450905	0.0019542172040505163	0.002767009537886489	True
acrB	0.30745147150907953	0.3543114017163874	0.8090294941506014	0.002169870583306587	0.002285640353519108	0.003357158260964908	True
Klebsiella pneumoniae KpnF	0.30619912335629307	0.34859011033919085	0.8247235283412547	0.005107445752656521	0.005703295685038855	0.00775575095773768	True
Klebsiella pneumoniae KpnE	0.3055729492798998	0.34777278299959136	0.8252615339297427	0.005624950384384398	0.005899731461527185	0.008386289663991284	True
Salmonella isangi gyrA conferring resistance to fluoroquinolones	0.09329993738259236	0.06988148753575807	1.3696003360149915	0.007348152050336808	0.008358281829376845	0.010759794073707469	True
sul2	0.13212273011897308	0.10420923579893747	1.3086382027558499	0.007538979736404284	0.007649360379852696	0.010845549796230725	True
CTX-M-15	0.11145898559799625	0.14017163874131588	0.7694656237608302	0.008231252352579405	0.008890724514720975	0.011637287808819159	True
Escherichia coli UhpT with mutation conferring resistance to fosfomycin	0.2974326862867877	0.3371475275847977	0.8323340355425917	0.008846760927751777	0.009081566510264242	0.012295498238570266	True
floR	0.020037570444583593	0.01021659174499387	1.980932907348243	0.013347129470362694	0.014152340620178219	0.018241076942829015	True
LptD	0.2968065122103945	0.3330608908868002	0.8452031969581916	0.0157114336650728	0.017125830103833863	0.0207796380731608	True
armA	0.016906700062617408	0.008173273395995096	2.0869108280254776	0.015492710725890159	0.017173265969730605	0.0207796380731608	True
Shigella flexneri acrA	0.29117094552285533	0.3248876174908051	0.8535902393492899	0.024011653012301376	0.025857172147676723	0.030764930422011137	True
dfrA1	0.005635566687539136	0.013077237433592154	0.42771961586901763	0.023721200934802907	0.031663147099254045	0.030764930422011137	True
mdtB	0.2736380713838447	0.30608908868001633	0.8540421711707564	0.02847023222255291	0.029222899308940016	0.03591629295768213	True
baeR	0.3030682529743269	0.33592153657539847	0.8596699479497992	0.030229033285477297	0.0315815662461311	0.03755728377892634	True
Haemophilus influenzae PBP3 conferring resistance to beta-lactam antibiotics	0.29931120851596743	0.33142623620760114	0.8617082585406867	0.032410088574650275	0.035043012198947836	0.03966607855404959	True
mdtC	0.3024420788979336	0.33428688189619943	0.863435141980484	0.03569199311759167	0.03709478362854478	0.043040344641801724	True
MdtQ	0.3068252974326863	0.33837351859419695	0.8654958127681116	0.036409936720385186	0.03958921493070429	0.04326977987060269	True
dfrA14	0.08077645585472762	0.09889660809154066	0.800676132141329	0.051327640983781855	0.05800659939525704	0.060126665152430175	False
leuO	0.30118973074514716	0.3297915815284021	0.8758932814574978	0.057638332095155675	0.06094616628948413	0.06656821453243332	False
APH(3'')-Ib	0.110832811521603	0.09726195341234165	1.1569209373890401	0.16840373670637776	0.18117136097912834	0.19179314458226357	False
APH(6)-Id	0.12147777082028804	0.10788720882713526	1.1433886261042354	0.18714865478002918	0.19970894782482182	0.21022177660222455	False
SHV-11	0.10457107075767064	0.09235798937474458	1.147679311838604	0.21169103899097402	0.21966004135054684	0.23144886929679825	False
Escherichia coli EF-Tu mutants conferring resistance to Pulvomycin	0.09830932999373826	0.1111565181855333	0.8718213848039216	0.20998448577805684	0.21326050936195579	0.23144886929679825	False
SHV-28	0.061991233562930494	0.0723334695545566	0.8475707723292073	0.2254841868040949	0.22584693038645387	0.24328556997283923	False
catII from Escherichia coli K-12	0.014402003757044458	0.019207192480588477	0.7461677796101543	0.26931781914770747	0.3067891031753588	0.28680598922223394	False
FosA6	0.284909204758923	0.27012668573763793	1.076527895164944	0.3137204382452995	0.32117464380288013	0.3298086658476226	False
OXA-1	0.055103318722604884	0.06211687780956273	0.8805064350737679	0.37654532940769525	0.392727246589913	0.3908445191320381	False
tet(D)	0.031934877896055106	0.037188393951777685	0.8540721891304038	0.3840072441212429	0.4237984913721975	0.39360742522427394	False
Klebsiella pneumoniae ramR mutants	0.026925485284909206	0.024111156518185534	1.1199528826647471	0.608450350525362	0.6488459680518353	0.6159620832478974	False
acrD	0.33562930494677523	0.33959950960359625	0.9824031321630821	0.8118905278066549	0.8205008063973049	0.8118905278066549	False
