	importance
RES_blaOXA-9	0.10146095926988416
RES_blaKPC-2	0.08189671275413368
RGI_BRP(MBL)	0.04089875915300817
RGI_Escherichia coli gyrA conferring resistance to fluoroquinolones	0.03892076805971769
RGI_Escherichia coli parC conferring resistance to fluoroquinolones	0.027447513491433234
RES_blaKPC-3	0.02725639488076983
RGI_tet(A)	0.023619679698655544
RGI_adeF	0.02091919862325562
RGI_Salmonella serovars gyrB conferring resistance to fluoroquinolones	0.01870956009886197
RES_blaTEM-1A	0.015173955329465518
RES_ARR-3	0.014779393213482189
PF_ompK36 p.T184P	0.014511273772034225
RGI_eptB	0.013570566480678163
RGI_Salmonella isangi gyrA conferring resistance to fluoroquinolones	0.013026606314135311
PF_ompK36 p.N49S	0.012414028170917283
RGI_FosA6	0.011622615249300996
RGI_Escherichia coli UhpT with mutation conferring resistance to fosfomycin	0.011313259194983036
RES_catA1	0.010977180148127564
RGI_CRP	0.010687152577471156
PF_ompK37 p.N230G	0.010666727184904981
RGI_acrD	0.010367411300261925
RGI_catA1	0.010124221713955632
RES_qnrS1	0.009992920724734403
RGI_msbA	0.009712420481799563
RGI_Klebsiella pneumoniae OmpK37	0.008430424929295187
RES_aac(3)-IIa	0.007921611557957035
RES_fosA6	0.007740595591666181
RGI_QnrS1	0.007611724851487793
RES_mph(A)	0.007465926021323093
RGI_Escherichia coli mdfA	0.007339801012326911
RGI_Escherichia coli EF-Tu mutants conferring resistance to Pulvomycin	0.0072773479109382805
RGI_rsmA	0.00719438375012564
RGI_MdtQ	0.007181720408419717
RES_blaTEM-1B	0.007041898998474319
RES_aac(6')-Ib	0.007038977158489345
RGI_LptD	0.006712017452411404
PF_ompK36 p.L59V	0.006699205582369412
RGI_marA	0.006643911577123906
RGI_qacEdelta1	0.006602106661668441
RGI_Mrx	0.006404432276177333
RGI_Klebsiella pneumoniae KpnF	0.005987148282118867
RES_blaSHV-159	0.005868895158921894
RES_dfrA12	0.005612408638859056
RGI_vanG	0.005580432222992538
RGI_mphE	0.005466952783969702
RES_blaCTX-M-15	0.005384638190244824
PF_ompK37 p.I70M	0.005258412017574975
RGI_mdtB	0.005241502611011007
RGI_Klebsiella pneumoniae KpnE	0.00504394406505574
RES_dfrA14	0.004980137604957989
RGI_AAC(3)-IId	0.0049698885547222104
RGI_Escherichia coli AcrAB-TolC with MarR mutations conferring resistance to ciprofloxacin and tetracycline	0.004960471094601111
RGI_AAC(6')-Ib10	0.004908891117762448
RES_fosA	0.004776552140073665
RES_catA2	0.004714259139106759
RGI_QnrB1	0.004706772562421495
RGI_catII from Escherichia coli K-12	0.0045922265665648086
RGI_emrR	0.004590663379989489
RGI_AAC(3)-IIe	0.0045837634462107405
RES_aph(3')-Ia	0.004456497828157659
RGI_PmrF	0.004113294238745274
RGI_aadA2	0.004030751316062843
RGI_baeR	0.004011108318824233
RGI_TEM-1	0.004010679134660243
RGI_sul1	0.003988187166270917
RES_tet(D)	0.003985136213501691
RES_blaSHV-12	0.003919542888212847
RGI_tet(D)	0.003686562336130273
RES_blaSHV-28	0.003553895809315351
RES_aph(3'')-Ib	0.0035350108737566737
RES_aac(6')-Ib3	0.0035315380962206797
RGI_OmpA	0.0034860458891652455
RGI_aadA	0.0034671394632520437
RES_qnrB1	0.0034592280218957664
RES_fosA5	0.0034268850217025726
RGI_CTX-M-15	0.003381449765517391
PF_ompK37 p.I128M	0.0033327323020644543
RES_aac(3)-IId	0.003326780345630987
RGI_Haemophilus influenzae PBP3 conferring resistance to beta-lactam antibiotics	0.0033254777754892846
RES_blaNDM-1	0.003267222214654074
RES_aadA2	0.0032052253717399434
RGI_mphA	0.003182210591898749
RGI_APH(3'')-Ib	0.003154553175200267
RGI_NDM-1	0.003143576859539324
RGI_leuO	0.0031110434279022227
RGI_Shigella flexneri acrA	0.003099519876716128
RES_fosA7	0.0030634510211533877
RGI_SHV-11	0.003042707831769474
RES_mph(E)	0.003026410730125088
RES_aadA2b	0.0029807679578132138
RGI_KPC-2	0.002945650906955777
RGI_CrcB	0.002870125667686294
RGI_mdtC	0.0027648231263401562
RGI_OXA-1	0.0027224231858995573
RES_blaSHV-158	0.00262028129023683
RGI_SHV-1	0.0026158193838355056
RES_blaSHV-26	0.002575824620508065
RGI_fosA5	0.00249682929919803
RGI_oqxA	0.0024447549772759073
RGI_ArnT	0.0024327182753162923
RES_catB3	0.0023470495570460837
RES_sul1	0.0023271361205619546
RES_blaSHV-106	0.002280348078710392
RGI_dfrA12	0.0021987344922589146
RGI_SHV-12	0.0021782064722413075
PF_acrR p.R173G	0.0021748567119732006
RES_blaSHV-182	0.002167787066148395
RES_aph(6)-Id	0.0021574317758515952
RES_aac(6')-Ib-cr	0.0021490105642958204
RGI_acrB	0.002069620479060418
RGI_Klebsiella pneumoniae ramR mutants	0.002054277240976543
RGI_sul2	0.0020271882889740436
RGI_oqxB	0.002012671681301398
RGI_Klebsiella pneumoniae KpnH	0.002007017835467232
PF_ramR p.A19V	0.0019870227554715575
RGI_aadA16	0.001968225844097524
PF_ompK36 p.A217S	0.0019454592018331711
RES_blaSHV-110	0.0018865660108614982
RES_blaOXA-1	0.0017744397372828026
PF_acrR p.F172S	0.0017640181096026128
RGI_SHV-28	0.0017150835246688416
RES_blaSHV-172	0.001708413999060965
RES_FloR	0.0016758692006016112
RES_sul2	0.0016648752788688164
RES_OqxB	0.0016588785802267266
RES_aadA16	0.0016294191572054492
RES_blaSHV-11	0.0016216189362809354
PF_ompK36 p.E232R	0.0015367193398623537
PF_acrR p.K201M	0.0014631167390991328
RGI_APH(6)-Id	0.0014272020725073279
RES_tet(A)	0.0013950496177690846
RGI_dfrA14	0.0013648607644423045
RES_blaSHV-187	0.0013607955651565545
RES_blaSHV-67	0.0013356975469175686
PF_acrR p.G164A	0.001301970759525592
RES_blaSHV-40	0.0012449969938033152
RES_dfrA1	0.0012116864573457407
RES_aadA1	0.001159901052115715
RGI_msrE	0.001144741427279943
PF_ompK36 p.T254S	0.0011200687969735628
RGI_Klebsiella pneumoniae KpnG	0.0010560007634683093
RES_armA	0.0010259744977088024
PF_acrR p.F197I	0.0009853550536992226
RES_blaSHV-85	0.000893083806295691
PF_acrR p.L195V	0.0008789472047366956
RES_OqxA	0.0008574247820758431
RGI_APH(3')-Ia	0.0008463325767621079
PF_ompK36 p.L191S	0.0008282038349385735
PF_ompK36 p.N304E	0.0008115876640957813
RGI_armA	0.0008014276850409176
RGI_KPC-3	0.000713175592548609
PF_ompK36 p.D223G	0.0007002277988102487
PF_ompK36 p.N218H	0.0007001997737709596
RGI_floR	0.0006687125555789818
PF_acrR p.P161R	0.0005962835935815807
RGI_arr-3	0.0005791455720852724
PF_ompK36 p.T222L	0.0005142016175326266
PF_ompK36 p.G189T	0.000509591864720165
RES_blaSHV-199	0.0004987173010569113
RES_dfrA27	0.0004986466347463702
RES_blaSHV-145	0.00048126954598831856
PF_ompK36 p.F207Y	0.000464458750754589
RES_blaSHV-98	0.00044513305247301547
RES_blaSHV-89	0.00043127130546694324
RES_blaSHV-79	0.0004185551902896618
PF_ompK36 p.D224E	0.0004099003281157826
PF_ompK36 p.Q227N	0.00039492428316996984
PF_ompK36 p.F207W	0.0003769180098910864
RGI_SHV-27	0.0003494528012801055
PF_ompK36 p.L229V	0.00034246707639029806
RES_blaSHV-27	0.00034021844403250677
PF_ompK36 p.A93S	0.0003164036366754229
RES_blaSHV-56	0.0002837685408122916
RES_blaSHV-78	0.0002738089933095532
RES_blaSHV-194	0.0002635834597278846
PF_ompK36 p.F198Y	0.0002580803560458749
RES_blaSHV-179	0.00025738322693346933
PF_ompK36 p.T86V	0.0002239061111233761
RGI_dfrA1	0.0002125784199233439
PF_ompK36 p.L191Q	0.00020288967827245314
RGI_dfrA27	0.00019291847988786782
PF_ompK36 p.D91K	0.00017861551696279202
RGI_OXA-9	0.00014926439103340577
PF_ompK36 p.L228V	7.673778479163418e-05
PF_ompK36 p.H235D	3.897543848855416e-05
RES_msr(E)	3.7845724800251854e-05
PF_ompK36 p.S89T	1.9164665202758848e-07
RES_blaSHV-81	0.0
